{"stats":{"minecraft:picked_up":{"minecraft:repeater":3,"minecraft:cyan_carpet":1,"minecraft:oak_sign":2,"minecraft:lever":1,"minecraft:stone_button":1,"minecraft:redstone":5},"minecraft:custom":{"minecraft:time_since_rest":29,"minecraft:crouch_one_cm":827,"minecraft:deaths":19,"minecraft:sprint_one_cm":3395,"minecraft:play_time":51424,"minecraft:damage_taken":5240,"minecraft:walk_one_cm":29349,"minecraft:sneak_time":547,"minecraft:jump":110,"minecraft:damage_dealt":30,"minecraft:leave_game":23,"minecraft:time_since_death":0,"minecraft:total_world_time":51424,"minecraft:fall_one_cm":8433,"minecraft:fly_one_cm":278622},"minecraft:used":{"minecraft:lever":1,"minecraft:potion":2,"minecraft:command_block":2,"minecraft:polished_andesite":14,"minecraft:redstone":5,"minecraft:smooth_quartz":7,"minecraft:splash_potion":1}},"DataVersion":2975}