{"stats":{"minecraft:picked_up":{"minecraft:repeater":3,"minecraft:cyan_carpet":1,"minecraft:oak_sign":2,"minecraft:lever":1,"minecraft:stone_button":1,"minecraft:redstone":5},"minecraft:custom":{"minecraft:time_since_rest":11463,"minecraft:crouch_one_cm":918,"minecraft:deaths":19,"minecraft:sprint_one_cm":4474,"minecraft:play_time":62858,"minecraft:damage_taken":5250,"minecraft:walk_one_cm":34499,"minecraft:sneak_time":765,"minecraft:jump":124,"minecraft:damage_dealt":30,"minecraft:leave_game":23,"minecraft:time_since_death":11327,"minecraft:total_world_time":62858,"minecraft:fall_one_cm":8433,"minecraft:fly_one_cm":327667},"minecraft:used":{"minecraft:lever":1,"minecraft:potion":2,"minecraft:command_block":2,"minecraft:polished_andesite":14,"minecraft:redstone":11,"minecraft:redstone_block":13,"minecraft:smooth_quartz":7,"minecraft:splash_potion":1}},"DataVersion":2975}