{"stats":{"minecraft:picked_up":{"minecraft:repeater":24,"minecraft:cyan_carpet":1,"minecraft:oak_sign":2,"minecraft:lever":2,"minecraft:stone_button":3,"minecraft:redstone":122,"minecraft:red_bed":2},"minecraft:custom":{"minecraft:time_since_rest":45860,"minecraft:crouch_one_cm":2168,"minecraft:deaths":19,"minecraft:sprint_one_cm":13943,"minecraft:play_time":97255,"minecraft:damage_taken":5250,"minecraft:walk_one_cm":56113,"minecraft:sneak_time":2725,"minecraft:jump":215,"minecraft:damage_dealt":30,"minecraft:leave_game":24,"minecraft:time_since_death":45724,"minecraft:total_world_time":97255,"minecraft:fall_one_cm":8642,"minecraft:fly_one_cm":513298},"minecraft:used":{"minecraft:lever":1,"minecraft:potion":2,"minecraft:command_block":3,"minecraft:polished_andesite":81,"minecraft:redstone":18,"minecraft:stone_button":1,"minecraft:redstone_block":16,"minecraft:smooth_quartz":51,"minecraft:splash_potion":1}},"DataVersion":2975}