{"stats":{"minecraft:picked_up":{"minecraft:repeater":20,"minecraft:cyan_carpet":1,"minecraft:oak_sign":2,"minecraft:lever":1,"minecraft:stone_button":3,"minecraft:redstone":71},"minecraft:custom":{"minecraft:time_since_rest":22548,"minecraft:crouch_one_cm":1728,"minecraft:deaths":19,"minecraft:sprint_one_cm":4720,"minecraft:play_time":73943,"minecraft:damage_taken":5250,"minecraft:walk_one_cm":40728,"minecraft:sneak_time":1281,"minecraft:jump":142,"minecraft:damage_dealt":30,"minecraft:leave_game":24,"minecraft:time_since_death":22412,"minecraft:total_world_time":73943,"minecraft:fall_one_cm":8433,"minecraft:fly_one_cm":361751},"minecraft:used":{"minecraft:lever":1,"minecraft:potion":2,"minecraft:command_block":3,"minecraft:polished_andesite":41,"minecraft:redstone":12,"minecraft:redstone_block":13,"minecraft:smooth_quartz":36,"minecraft:splash_potion":1}},"DataVersion":2975}