{"stats":{"minecraft:picked_up":{"minecraft:repeater":23,"minecraft:cyan_carpet":1,"minecraft:oak_sign":2,"minecraft:lever":2,"minecraft:stone_button":3,"minecraft:redstone":117,"minecraft:red_bed":2},"minecraft:custom":{"minecraft:time_since_rest":33860,"minecraft:crouch_one_cm":1987,"minecraft:deaths":19,"minecraft:sprint_one_cm":6319,"minecraft:play_time":85255,"minecraft:damage_taken":5250,"minecraft:walk_one_cm":52584,"minecraft:sneak_time":1936,"minecraft:jump":200,"minecraft:damage_dealt":30,"minecraft:leave_game":24,"minecraft:time_since_death":33724,"minecraft:total_world_time":85255,"minecraft:fall_one_cm":8642,"minecraft:fly_one_cm":417498},"minecraft:used":{"minecraft:lever":1,"minecraft:potion":2,"minecraft:command_block":3,"minecraft:polished_andesite":49,"minecraft:redstone":13,"minecraft:stone_button":1,"minecraft:redstone_block":15,"minecraft:smooth_quartz":46,"minecraft:splash_potion":1}},"DataVersion":2975}