{"stats":{"minecraft:custom":{"minecraft:jump":75,"minecraft:time_since_rest":1171,"minecraft:damage_dealt":30,"minecraft:damage_taken":4520,"minecraft:crouch_one_cm":419,"minecraft:leave_game":19,"minecraft:play_time":35146,"minecraft:sprint_one_cm":2246,"minecraft:time_since_death":1104,"minecraft:walk_one_cm":21583,"minecraft:deaths":16,"minecraft:sneak_time":242,"minecraft:total_world_time":35146,"minecraft:fall_one_cm":8433,"minecraft:fly_one_cm":186062},"minecraft:used":{"minecraft:polished_andesite":14,"minecraft:potion":1,"minecraft:smooth_quartz":4,"minecraft:splash_potion":1},"minecraft:picked_up":{"minecraft:cyan_carpet":1}},"DataVersion":2975}