{"stats":{"minecraft:picked_up":{"minecraft:repeater":29,"minecraft:cyan_carpet":1,"minecraft:oak_sign":4,"tacz:modern_kinetic_gun":1,"minecraft:lever":2,"minecraft:stone_button":4,"minecraft:redstone":158,"minecraft:red_bed":2},"minecraft:custom":{"minecraft:time_since_rest":1744,"minecraft:open_chest":1,"minecraft:crouch_one_cm":3811,"minecraft:sprint_one_cm":18052,"minecraft:play_time":134677,"minecraft:deaths":27,"minecraft:damage_taken":7650,"minecraft:walk_one_cm":71324,"minecraft:sneak_time":3946,"minecraft:jump":277,"minecraft:damage_dealt":30,"minecraft:leave_game":37,"minecraft:time_since_death":922,"minecraft:total_world_time":134677,"minecraft:fall_one_cm":8642,"minecraft:fly_one_cm":738602},"minecraft:used":{"minecraft:lever":1,"minecraft:redstone_lamp":1,"minecraft:potion":2,"minecraft:command_block":3,"minecraft:grass_block":7,"minecraft:polished_andesite":90,"minecraft:redstone":18,"minecraft:stone_button":1,"minecraft:smooth_quartz":107,"minecraft:redstone_block":16,"minecraft:splash_potion":1}},"DataVersion":2975}