{"stats":{"minecraft:picked_up":{"minecraft:repeater":24,"minecraft:cyan_carpet":1,"minecraft:oak_sign":4,"minecraft:lever":2,"minecraft:stone_button":4,"minecraft:redstone":122,"minecraft:red_bed":2},"minecraft:custom":{"minecraft:open_chest":1,"minecraft:time_since_rest":57860,"minecraft:crouch_one_cm":2565,"minecraft:deaths":19,"minecraft:sprint_one_cm":15704,"minecraft:play_time":109255,"minecraft:damage_taken":5250,"minecraft:walk_one_cm":60587,"minecraft:sneak_time":3341,"minecraft:jump":224,"minecraft:damage_dealt":30,"minecraft:leave_game":24,"minecraft:time_since_death":57724,"minecraft:total_world_time":109255,"minecraft:fall_one_cm":8642,"minecraft:fly_one_cm":647025},"minecraft:used":{"minecraft:lever":1,"minecraft:potion":2,"minecraft:command_block":3,"minecraft:grass_block":3,"minecraft:polished_andesite":85,"minecraft:redstone":18,"minecraft:stone_button":1,"minecraft:redstone_block":16,"minecraft:smooth_quartz":105,"minecraft:splash_potion":1}},"DataVersion":2975}