{"stats":{"minecraft:mined":{"minecraft:grass":3,"minecraft:grass_block":1},"minecraft:picked_up":{"minecraft:repeater":8,"minecraft:slime_ball":6,"minecraft:lever":1,"minecraft:redstone_torch":7,"minecraft:redstone":19,"minecraft:dirt":1},"minecraft:dropped":{"tacz:modern_kinetic_gun":1},"minecraft:custom":{"minecraft:time_since_rest":720,"minecraft:damage_taken":2070,"minecraft:crouch_one_cm":22208,"minecraft:sprint_one_cm":40064,"minecraft:play_time":125254,"minecraft:deaths":8,"minecraft:walk_one_cm":196795,"minecraft:bell_ring":5,"minecraft:sneak_time":7347,"minecraft:mob_kills":4,"minecraft:drop":1,"minecraft:jump":723,"minecraft:damage_dealt":20,"minecraft:leave_game":24,"minecraft:time_since_death":253,"minecraft:climb_one_cm":424,"minecraft:total_world_time":125254,"minecraft:fall_one_cm":4577,"minecraft:fly_one_cm":232333},"minecraft:killed":{"minecraft:pig":2,"minecraft:cow":2},"minecraft:used":{"minecraft:sticky_piston":24,"minecraft:redstone_torch":13,"minecraft:piston":1,"minecraft:dirt":17,"minecraft:repeater":33,"minecraft:command_block":16,"minecraft:polished_andesite":8,"minecraft:grass_block":21,"minecraft:redstone":61,"minecraft:stone_button":1,"minecraft:smooth_stone_slab":12,"minecraft:smooth_quartz":106,"minecraft:redstone_block":29,"minecraft:obsidian":5}},"DataVersion":2975}