{"stats":{"minecraft:killed":{"minecraft:pig":2,"minecraft:cow":2},"minecraft:mined":{"minecraft:grass":3,"minecraft:grass_block":1},"minecraft:picked_up":{"minecraft:repeater":8,"minecraft:slime_ball":6,"minecraft:lever":1,"minecraft:redstone_torch":4,"minecraft:redstone":16,"minecraft:dirt":1},"minecraft:custom":{"minecraft:time_since_rest":99782,"minecraft:crouch_one_cm":17901,"minecraft:sprint_one_cm":40064,"minecraft:play_time":114425,"minecraft:deaths":1,"minecraft:damage_taken":310,"minecraft:walk_one_cm":184570,"minecraft:sneak_time":5862,"minecraft:bell_ring":5,"minecraft:mob_kills":4,"minecraft:jump":700,"minecraft:damage_dealt":20,"minecraft:leave_game":9,"minecraft:time_since_death":99732,"minecraft:total_world_time":114425,"minecraft:climb_one_cm":424,"minecraft:fall_one_cm":4577,"minecraft:fly_one_cm":232193},"minecraft:used":{"minecraft:redstone_torch":10,"minecraft:piston":1,"minecraft:sticky_piston":20,"minecraft:dirt":17,"minecraft:repeater":27,"minecraft:command_block":14,"minecraft:grass_block":21,"minecraft:redstone":44,"minecraft:polished_andesite":8,"minecraft:stone_button":1,"minecraft:smooth_stone_slab":12,"minecraft:redstone_block":28,"minecraft:smooth_quartz":87,"minecraft:obsidian":5}},"DataVersion":2975}