{"stats":{"minecraft:killed":{"minecraft:pig":2,"minecraft:cow":2},"minecraft:mined":{"minecraft:grass":3,"minecraft:grass_block":1},"minecraft:picked_up":{"minecraft:dirt":1},"minecraft:custom":{"minecraft:jump":242,"minecraft:time_since_rest":15782,"minecraft:damage_dealt":10,"minecraft:damage_taken":310,"minecraft:leave_game":9,"minecraft:crouch_one_cm":1476,"minecraft:play_time":30425,"minecraft:sprint_one_cm":11361,"minecraft:time_since_death":15732,"minecraft:walk_one_cm":30449,"minecraft:deaths":1,"minecraft:bell_ring":5,"minecraft:sneak_time":366,"minecraft:climb_one_cm":424,"minecraft:total_world_time":30425,"minecraft:mob_kills":4,"minecraft:fall_one_cm":4577,"minecraft:fly_one_cm":69611}},"DataVersion":2975}