{"stats":{"minecraft:killed":{"minecraft:pig":2,"minecraft:cow":2},"minecraft:mined":{"minecraft:grass":3,"minecraft:grass_block":1},"minecraft:picked_up":{"minecraft:repeater":8,"minecraft:slime_ball":6,"minecraft:lever":1,"minecraft:redstone":11,"minecraft:dirt":1},"minecraft:custom":{"minecraft:time_since_rest":63782,"minecraft:crouch_one_cm":10176,"minecraft:sprint_one_cm":31505,"minecraft:play_time":78425,"minecraft:deaths":1,"minecraft:damage_taken":310,"minecraft:walk_one_cm":136092,"minecraft:sneak_time":2843,"minecraft:bell_ring":5,"minecraft:mob_kills":4,"minecraft:jump":486,"minecraft:damage_dealt":20,"minecraft:leave_game":9,"minecraft:time_since_death":63732,"minecraft:total_world_time":78425,"minecraft:climb_one_cm":424,"minecraft:fall_one_cm":4577,"minecraft:fly_one_cm":165631},"minecraft:used":{"minecraft:redstone_torch":2,"minecraft:sticky_piston":9,"minecraft:dirt":17,"minecraft:repeater":12,"minecraft:command_block":2,"minecraft:grass_block":17,"minecraft:redstone":24,"minecraft:polished_andesite":8,"minecraft:smooth_stone_slab":12,"minecraft:redstone_block":6,"minecraft:smooth_quartz":20}},"DataVersion":2975}