{"stats":{"minecraft:mined":{"minecraft:grass":3,"minecraft:grass_block":1},"minecraft:picked_up":{"minecraft:dirt":1},"minecraft:custom":{"minecraft:jump":131,"minecraft:time_since_rest":4683,"minecraft:damage_dealt":10,"minecraft:damage_taken":310,"minecraft:leave_game":9,"minecraft:crouch_one_cm":584,"minecraft:play_time":19326,"minecraft:sprint_one_cm":4992,"minecraft:time_since_death":4633,"minecraft:walk_one_cm":7728,"minecraft:deaths":1,"minecraft:sneak_time":88,"minecraft:total_world_time":19326,"minecraft:fall_one_cm":4577,"minecraft:fly_one_cm":40973}},"DataVersion":2975}