{"stats":{"minecraft:killed":{"minecraft:pig":2,"minecraft:cow":2},"minecraft:mined":{"minecraft:grass":3,"minecraft:grass_block":1},"minecraft:picked_up":{"minecraft:repeater":8,"minecraft:slime_ball":6,"minecraft:lever":1,"minecraft:redstone":10,"minecraft:dirt":1},"minecraft:custom":{"minecraft:time_since_rest":51782,"minecraft:crouch_one_cm":9969,"minecraft:sprint_one_cm":27918,"minecraft:play_time":66425,"minecraft:deaths":1,"minecraft:damage_taken":310,"minecraft:walk_one_cm":124927,"minecraft:sneak_time":2654,"minecraft:bell_ring":5,"minecraft:mob_kills":4,"minecraft:jump":428,"minecraft:damage_dealt":20,"minecraft:leave_game":9,"minecraft:time_since_death":51732,"minecraft:total_world_time":66425,"minecraft:climb_one_cm":424,"minecraft:fall_one_cm":4577,"minecraft:fly_one_cm":142832},"minecraft:used":{"minecraft:redstone_torch":2,"minecraft:sticky_piston":9,"minecraft:dirt":17,"minecraft:repeater":12,"minecraft:command_block":2,"minecraft:grass_block":17,"minecraft:redstone":24,"minecraft:polished_andesite":8,"minecraft:smooth_stone_slab":12,"minecraft:smooth_quartz":20}},"DataVersion":2975}