{"stats":{"minecraft:killed":{"minecraft:pig":2,"minecraft:cow":2},"minecraft:mined":{"minecraft:grass":3,"minecraft:grass_block":1},"minecraft:picked_up":{"minecraft:repeater":8,"minecraft:slime_ball":6,"minecraft:lever":1,"minecraft:redstone_torch":2,"minecraft:redstone":13,"minecraft:dirt":1},"minecraft:custom":{"minecraft:time_since_rest":87782,"minecraft:crouch_one_cm":12885,"minecraft:sprint_one_cm":39145,"minecraft:play_time":102425,"minecraft:deaths":1,"minecraft:damage_taken":310,"minecraft:walk_one_cm":164300,"minecraft:sneak_time":4084,"minecraft:bell_ring":5,"minecraft:mob_kills":4,"minecraft:jump":615,"minecraft:damage_dealt":20,"minecraft:leave_game":9,"minecraft:time_since_death":87732,"minecraft:total_world_time":102425,"minecraft:climb_one_cm":424,"minecraft:fall_one_cm":4577,"minecraft:fly_one_cm":216991},"minecraft:used":{"minecraft:redstone_torch":6,"minecraft:piston":1,"minecraft:sticky_piston":15,"minecraft:dirt":17,"minecraft:repeater":19,"minecraft:command_block":7,"minecraft:grass_block":20,"minecraft:redstone":34,"minecraft:polished_andesite":8,"minecraft:smooth_stone_slab":12,"minecraft:redstone_block":26,"minecraft:smooth_quartz":69}},"DataVersion":2975}