{"stats":{"minecraft:killed":{"minecraft:pig":2,"minecraft:cow":2},"minecraft:mined":{"minecraft:grass":3,"minecraft:grass_block":1},"minecraft:picked_up":{"minecraft:slime_ball":6,"minecraft:redstone":1,"minecraft:dirt":1},"minecraft:custom":{"minecraft:time_since_rest":27782,"minecraft:crouch_one_cm":2280,"minecraft:sprint_one_cm":16471,"minecraft:play_time":42425,"minecraft:deaths":1,"minecraft:damage_taken":310,"minecraft:walk_one_cm":56386,"minecraft:sneak_time":720,"minecraft:bell_ring":5,"minecraft:mob_kills":4,"minecraft:jump":300,"minecraft:damage_dealt":10,"minecraft:leave_game":9,"minecraft:time_since_death":27732,"minecraft:total_world_time":42425,"minecraft:climb_one_cm":424,"minecraft:fall_one_cm":4577,"minecraft:fly_one_cm":94950},"minecraft:used":{"minecraft:redstone":1,"minecraft:polished_andesite":8,"minecraft:smooth_quartz":7}},"DataVersion":2975}